77479,77057,78102
326,326,326
13686,1992,604
336722,276725,260932
231759,233357,236292
1825,2017,2476
12136,7938,620
36159,38241,39121
205736,199379,132963
692,-6,890
0,0,2500
27370,20750,14898
0,0,994
284099,286067,290374
2400,2400,2400
2285,0,0
50834,52163,51060
400134,398857,404205
157607,155693,155290
0,2426,3367
23799,9000,11818
0,0,0
11471,13270,14245
30961,31860,35254
80903,83900,86897
13185,5070,6815
1115,1211,2206
113270,112012,114535
176380,188744,194534
107934,123579,118117
22824,6540,6686
59703,59837,48187
18472,20546,24956
71201,70686,70195
48619,48647,49859
2186,2186,2184
3377,3377,3476
4052,6514,-3484
21460,12570,13530
292,7948,3363
7029,3932,2105
390,390,390
0,0,0
7351,6225,3645
67719,69501,58536
20138,8267,65993
202967,203188,198576
72565,63342,51529
25039,25989,23078
326,326,833
91029,84644,87765
646,1278,639
0,0,0
19200,19079,17695
190601,4987,651
11862,11259,12482
28700,29484,28592
0,0,0
91653,94037,108597
326,501,1251
390,390,390
4158,2682,0
-2012,-2012,47714
25339,26342,27376
90945,77668,79321
143900,0,0
20464,19322,19004
149303,156632,136685
365023,365445,350474
57724,56597,50766
10339,6405,-4617
51243,49805,50654
29717,28569,29168
33333,0,0
14401,4374,15020
16217,15664,16693
11310,10842,12896
25718,0,0
19518,21735,22599
1329,4526,11906
44278,41812,43095
2238,3057,1879
144160,147451,150617
13513,11800,2522
91192,91305,103216
3556,326,326
81070,63610,58099
1877,1830,200
49631,49641,50355
49485,52108,56950
70762,69025,74489
25933,25589,25234
355310,337523,342288
31207,30399,30147
50586,46993,33136
69169,67855,74494
204491,176733,174680
44574,0,0
40969,32724,24975
43469,44462,45510
2404,681,4048
14301,17069,17818
108756,152194,105290
20540,8985,8941
44765,35776,67887
6407,-6,-3
1469,1340,9794
52564,53681,56893
-18,-18,-18
0,990,0
89226,90212,-1037
24282,23470,23297
8460,0,0
195409,203432,180786
99729,139201,155871
71358,70285,28867
175357,168933,163384
25078,20970,14407
113,0,1100
311401,218298,222424
66831,62435,59977
416,2939,5447
2202,2900,2335
14202,0,505
225274,230414,237135
396,396,396
175348,153679,110237
15847,16885,18418
88758,89680,89876
3229,0,6709
26411,28902,28139
1159,2468,1159
7075,15732,9285
122024,123228,120339
273270,272944,286497
41352,43757,46012
9763,7059,5606
0,292,7352
274261,209672,179618
137502,127014,120826
182176,176797,187033
60199,60742,60841
8144,0,0
6571,1156,1156
26788,28352,86253
75509,65572,59306
333549,342782,340216
73167,70238,70640
50693,50019,36939
17913,380,5118
396,396,792
239,0,0
1473,2998,2946
1662,13877,7600
59487,59199,59326
155260,136185,139013
2681,1273,2192
49833,49831,51818
27234,20191,26276
16593,226145,216931
36658,19253,20179
780,390,0
0,12103,2250
0,0,568
5378,6482,7308
71121,481382,559712
58995,63064,60984
0,0,0
99036,99625,99016
74487,76126,69856
15196,16373,17590
10301,12871,12374
3862,1780,0
64498,58261,401
15527,16882,18190
919,8209,421
1580,2925,-551
16350,17382,18488
0,0,0
0,0,0
26708,25230,26999
-200,-200,-200
0,0,0
3333,0,3333
42646,30060,28391
0,0,0
0,0,0
5484,4307,12004
9713,264,252
43353,47682,46429
105440,105852,111966
14558,17212,16635
60465,60100,58795
3978,5249,6362
69852,67531,28650
4007,3201,14509
5263,5021,3579
47520,46256,32029
1199,15586,344
191262,183554,164619
51300,50222,49097
27358,28422,28858
64655,63031,64440
50281,51441,54107
2049,1579,590
45373,49363,48308
0,0,0
856,856,856
118624,118871,120550
-5,580,2207
13394,17356,6826
9725,10766,12070
77651,78651,79972
50883,51184,50092
279065,273067,278910
146130,120750,105492
50990,49123,50820
140,358,285
38916,37990,42382
41897,17304,16544
176424,164745,168208
50383,49073,31036
82922,81084,74530
28916,29451,27779
64266,47971,25581
110712,110988,98270
10874,11896,12906
95686,98374,99562
27289,28020,31140
27226,26508,26976
8508,27049,0
50094,50461,50994
34970,19188,19998
338272,339191,325675
734,9455,1277
17077,22420,57255
61282,53394,17644
2500,2500,0
26597,16573,19080
0,1437,3070
0,0,0
626648,586825,547667
48978,58858,36129
40698,42018,43344
1983,326,3242
20329,14244,30580
12939,14128,15354
68629,57168,58103
107430,109660,111387
12939,28805,41027
8443,13782,22997
0,0,0
54530,37295,96251
147335,135184,139664
550,1606,1422
43027,44340,48959
2318,1818,2057
1208,534,212
17628,20024,20424
151050,148362,142223
94218,95129,172957
390,390,390
46880,25577,26352
19505,20715,19750
387851,349973,689643
4480,7354,6930
51016,51081,52059
30384,30134,30646
3443,69,188
82274,80426,78536
39410,41460,46307
75373,76865,78214
379080,374137,371624
11409,1222,3308
95716,96181,99933
78356,70664,62223
58246,61650,0
33336,39009,47657
4168,19169,22893
133401,135703,142275
51996,51203,50071
2001,2338,5655
28708,28285,26702
26857,9505,8933
10147,7358,11727
140,140,140
268112,263368,259969
499,0,0
20288,20293,20196
50859,49808,49993
258764,279451,280882
8447,-1,176
390,390,390
52180,49874,52000
101023,97045,102372
17999,38899,24620
2744,2041,630
135437,65892,60762
160889,165400,166712
6829,6460,17154
10840,1108,2111
113900,109062,105252
46188,14082,15021
40623,40088,38706
12322,25851,35691
25422,26456,27835
14717,14190,12900
45998,47107,50999
16931,17644,18679
37699,35203,15360
48114,42573,55350
16757,21481,22389
211630,209812,219829
189650,127111,93208
595,207,18189
390,7516,553
46652,45235,23299
3805,0,0
718,3910,1906
2915,4203,167
50002,51190,47959
22120,14577,16275
4577,8400,626
53843,55933,56575
94245,95268,96620
23546,26630,25922
8988,6849,7471
0,0,0
262518,180499,138326
11000,0,8100
3996,9120,8528
23396,24182,25135
104546,105326,111987
12351,13068,12568
100390,108784,110405
29789,28699,29305
1280,390,390
859,1811,1335
3578,3658,3578
102274,103275,105225
2908,3408,2908
0,256,0
41322,40383,42413
11521,5219,4560
1749,3939,7856
481,326,526
296,148,620
0,0,0
92636,94641,96667
134,357,288
89903,66236,59932
58127,59345,58196
81249,81117,81140
8133,10978,10511
351890,254163,250180
1261,1261,1665
27179,27878,28908
0,950,1170
4269,5478,6190
98822,95634,94933
588,588,588
111388,113900,109062
203340,205172,198577
48785,49762,49861
79435,75332,128630
115040,117371,119044
30646,29919,29045
81786,84489,86298
11211,12329,11846
26501,26869,27488
-12,-12,3300
179253,95170,97338
69951,70722,70815
16918,20511,19944
3204,430,29425
2358,156,0
39843,40662,41971
149941,68912,72741
0,0,0
86294,88412,89853
278948,278433,277620
3128,10998,1509
14254,19902,17822
53035,54125,55135
106203,108327,106142
17189,6013,1717
227689,206249,182985
61793,79467,26943
147586,155228,160588
135001,135199,134817
54721,52285,48615
7928,2318,22430
138636,140982,145038
19102,18054,19026
3745,4632,4979
86076,87567,78646
29230,30786,27167
4262,11674,6281
96008,98017,99961
17697,18445,19382
0,0,0
166988,170603,172056
76910,22972,28336
68262,53329,44222
304922,292517,211831
46666,47606,48350
19473,19868,16749
14576,16318,17388
18865,36059,18757
18457,22815,27086
0,1186,0
69578,67871,68782
2389,3405,4414
113079,109796,112144
73508,73303,71674
35865,32764,25348
99307,104403,110366
49072,50559,49060
18093,18543,18911
3196,16447,3317
121522,120084,122250
5972,1854,2105
51275,41950,40861
67661,68482,69309
51632,9803,3427
201015,177028,136434
1397,0,136
3564,2063,768
301553,287780,295141
32141,31350,30575
16027,16740,17451
71770,74066,75907
433792,396009,335873
14814,9631,36631
110970,117076,113778
11306,6657,3565
14203,15215,16544
0,0,1257
13371,13480,5747
80748,78241,76401
43515,44557,45574
48764,27347,37528
60103,52193,44934
104498,107819,109836
51741,96172,48827
24607,24430,23881
11351,11449,6515
3000,3300,0
136485,87236,79244
0,0,0
14517,3670,3280
236,4324,1861
35671,37073,38472
711,878,1131
18796,20489,22142
60125,1981,4521
198235,193548,198422
93983,88777,82501
189279,195200,60278
71578,71896,73744
0,298887,0
7623,9483,18511
34443,33590,34651
41540,390,390
430,0,46257
47933,39695,42372
48792,50083,50323
31170,20413,13738
17961,17091,14120
0,0,0
35169,39069,38166
11200,0,970
7100,4007,4900
127254,109717,81545
390,390,390
34831,29791,19013
118287,117775,117106
61982,46323,43710
18486,0,0
17821,19099,0
10000,7419,7392
1581,2282,2964
18769,21349,20732
3925,11200,25509
2079,6964,1013
36908,0,0
34494,35930,37326
96638,98491,99983
180887,166921,155945
7217,8204,3001
-152,-152,-152
330,330,660
22219,140,0
163897,116343,118552
68371,9015,3325
205150,0,0
0,0,0
86750,42968,43444
59738,59389,57656
24802,27551,20559
141530,130248,133547
22957,23978,26749
46746,44808,44899
1836,1651,0
19410,22085,23435
1300,179,0
49196,54033,52595
44698,42254,38347
24200,34708,25326
46657,48615,49519
4119,-1031,5100
117738,120127,119719
162018,121934,0
56119,57282,58533
145687,146519,144315
7015,0,6700
19082,19691,19932
321279,316083,317219
1289,2408,395
201223,214479,193598
47378,50555,45532
1512,2458,664
12275,6491,37424
70649,72069,74140
6467,6920,6242
50448,34741,21312
13890,15374,16141
41057,11150,6298
7600,8473,8793
158494,156004,149677
37549,40603,39676
22165,21292,16469
82559,84681,87308
8878,10077,11203
1832,0,832
29574,26663,27731
17862,17927,18800
270276,506260,263734
67615,19870,19649
-7,4422,367
6229,4636,3810
0,2228,0
264,217,253
36672,35807,40851
50262,51040,35046
185677,189682,194509
42635,39508,36060
9773,4101,3866
33109,32856,27438
43870,42891,43582
25925,0,0
3307,0,0
1082,0,0
15939,17171,18005
81003,85894,87061
33322,29500,28418
32283,18361,9160
41259,40715,43153
15294,16340,17359
15907,17142,17844
8546,8267,7992
46467,17787,18852
151652,146805,143134
56994,57964,59452
3811,8692,10467
46610,45005,43448
440,1479,2940
346,0,0
11501,12998,13492
62315,60180,58108
82315,170894,160223
28218,28704,30428
170,3224,78671
46857,48080,49705
20824,21960,20885
50544,50792,50480
74615,74399,68761
0,2529,2971
3377,37305,5721
21684,23018,24630
72181,73086,78411
857,1030,380
2605,2605,4590
9228,7532,7246
6319,8190,6686
960,4348,73689
-348,-738,-738
0,0,0
1508,6186,2208
60316,61763,63154
5999,5758,7039
0,372,-7
3771,900,0
29161,29891,30893
0,1186,1024
735,735,735
3209,0,2552
30884,29770,30485
56009,58104,62126
48537,36394,28278
8700,5159,10550
15376,18010,17428
501,1463,1276
11906,54684,1874
0,0,0
8347,9560,9258
44620,49641,46396
27101,26431,14109
51672,31250,29178
1261,1261,390
28277,27295,27403
2378,4884,329
89762,90395,87428
6620,7114,3948
210333,206332,214981
92095,173354,193994
293073,293210,290057
390,390,0
19155,1473,1430
233441,236496,242446
288994,296230,158127
105582,97913,75353
14135,13616,16065
25602,30156,33632
163736,116422,99278
43048,43257,44115
159460,148691,118082
9711,9363,13951
2317,29,2595
30769,30792,30140
0,632,0
197142,198367,96731
600,600,0
11074,10600,20406
91272,91337,88129
79900,64815,52806
87669,86653,57819
10089,38936,7444
169763,166286,162330
30892,16348,13593
2078,380,2100
1552,792,19272
746,4824,690
0,0,0
95311,94489,93143
26116,27192,29535
131895,132154,129237
3617,2091,5816
0,0,0
152105,137472,118583
31290,780,390
25107,26312,28102
1424,10094,15018
6631,7643,8975
45429,47961,49562
4301,0,0
47372,42652,42306
140479,133540,126408
130535,127155,126264
-240,-240,-240
136293,139215,142695
54806,54544,55357
99801,102403,103828
552,276,381
80166,34775,34073
49026,48983,38417
50281,14033,12628
106799,116015,117678
111483,114125,114087
32130,3610,3790
83707,49676,49196
1050,1050,1050
152735,149672,140068
13201,14671,16120
1414,1080,97
50120,48502,49001
99568,32326,31840
63461,54673,53358
280,6852,486
2035,1261,69048
17843,18833,17830
36479,38813,40611
18099,18912,18249
8840,4951,-17
-885,-885,18354
73166,66565,76412
1573,-28,-28
-84,-474,800
66193,63155,50385
2004,3193,4050
100000,0,0
0,0,0
162820,153457,143580
106989,98751,32099
28749,29457,29530
161581,163500,166003
3454,-2,-2
240851,171731,61404
0,8602,0
20586,20568,20185
72874,71035,57503
53113,57376,57876
167535,166521,168824
7065,1459,1835
291,291,582
4000,5645,3508
38214,39229,40747
50965,50956,50603
38811,33993,35365
22233,22935,23816
15655,3918,29881
24003,25597,26237
0,0,0
18243,17557,19880
3983,4764,5528
2779,22595,755
14867,26665,199960
18825,12675,2880
2776,2776,2776
5070,4317,1421
2758,1448,3740
0,0,0
16235,17857,18862
19311,13368,7000
67502,68842,69825
0,0,0
78095,84781,82558
83275,84220,77956
3278,4000,0
54313,57988,59271
36518,77996,274442
62635,67553,69466
93724,96017,98111
478623,466444,239921
18821,18714,18942
7320,7761,631
54972,42329,42071
47608,48933,51415
0,0,0
75294,76465,74675
109640,109699,91200
2350,2350,4700
4482,4985,4322
390,390,390
390,5548,7001
54326,23223,25865
41803,73882,75609
217773,215017,209089
1876,1690,429
97925,98817,98495
64670,66197,70867
0,0,0
19984,2099,12985
1104,0,0
176077,179769,178358
169108,170419,142264
7960,9649,8518
17880,19224,19327
42721,22836,24266
204144,175748,172758
832,416,832
1078,5543,500
54126,57919,57778
2008,280,-110
1321,590,584
4231,5508,5271
85241,86576,86914
47169,48197,47738
34486,43872,45140
11253,12852,14024
203,767,664
23535,22876,25674
3525,1504,0
13730,15170,15277
15169,17793,17207
28282,148806,139462
24799,24102,26305
257156,257576,256014
16869,17895,18939
117160,92262,79889
112123,114344,117684
24484,26751,28999
19512,17692,19136
42326,43815,45156
11540,633,606
2422,894,0
27033,27772,28740
390,390,390
316,316,316
24422,25480,26425
198807,200616,202228
168318,127111,74197
0,189,651
3295,1645,1656
0,0,0
0,1381,1214
197810,201362,164183
40247,40189,43434
0,0,0
43214,44196,45181
1867,994,2058
316,316,316
3938,82385,88195
675,0,0
208273,214423,214585
50649,50607,49903
26725,28289,29489
-18,2482,-18
644,499,1641
377259,310284,278781
-1028,58324,57657
0,0,0
3747,3313,4085
20441,20245,20070
31808,9283,7846
150651,52233,81162
0,0,0
24036,25035,25930
2116,0,9781
194640,189976,189665
976,5476,10303
71742,70978,70949
0,1056,2006
1399,2441,3865
3485,2989,2278
236242,240804,243293
216409,221419,224753
2580,-35,3519
269672,274882,276887
188964,183744,168683
10394,86115,77955
109033,97041,80993
42040,30427,17818
5768,8843,18982
182787,173108,163937
3457,1997,5115
279610,282024,282508
91275,93357,94938
17147,19557,18935
4882,14630,6323
39628,20571,19089
117703,116372,115445
2606,2986,2608
846,4292,0
1576,199973,192008
16326,17497,18456
149229,138487,127516
7302,7857,8827
101121,86781,74909
0,0,0
7640,9369,12261
197231,175599,176947
0,581,581
157768,108932,110405
476,476,476
15592,16643,15557
2500,0,0
87162,88801,87972
26739,32939,34300
9187,4740,5240
178911,182510,186450
14559,15513,17242
27126,29970,29192
220,0,0
0,0,0
93669,101892,76452
15764,15718,17164
22446,21799,23130
202506,197855,239059
17301,18015,17437
2355,2714,12094
316,632,316
117,0,23
66548,71034,69329
110018,47600,26219
61673,60679,61943
49728,47784,47449
1662,3347,4140
760,380,760
900,0,0
20103,21466,23122
56477,32919,24175
162110,156444,151504
733,737,737
218605,166310,166106
10250,8558,10525
132932,134384,131724
1094,1271,1205
20138,19531,18867
30498,31500,31619
133013,123548,94995
270553,255348,262153
104660,104108,102066
2691,426,426
626,1921,20740
0,492,0
3704,5303,25959
28693,31854,31065
187610,188072,166668
78337,81029,83032
0,0,0
326,326,326
5300,0,0
113807,103759,90827
128213,133080,136412
10240,-660,117
19844,19929,18775
35806,36823,36285
42372,35580,28330
48215,44175,83132
1650,1650,1650
37034,37698,37252
5363,262,-144
187070,181733,192903
120,0,0
232044,236365,229553
2196,396,392
56602,14233,15729
1432,1094,665
70559,51550,0
15176,2693,6632
0,0,0
1570,21835,20680
1863,15172,8930
131956,134755,139089
4848,6524,6290
0,0,0
-190,-620,-1050
353176,353782,303494
1284,842,1212
95943,1473,1863
0,0,0
236238,225318,202513
69589,72802,77106
59615,59570,60851
15234,8247,9624
142846,146533,151098
24172,23497,24817
1908,1442,8162
-12,-12,-12
51995,52442,46472
0,0,0
123460,85778,89255
65186,62938,54748
14542,14011,16899
19374,17772,20090
-25,-25,2062
33319,32066,31875
24054,25381,26085
47452,48663,50297
4417,5642,8689
29063,28601,28503
87313,90345,37554
27223,26474,25344
27548,28578,29660
-281,2520,7508
1841,764,-13
21958,22572,14549
102449,104807,111048
0,0,0
2381,2908,1051
5612,28352,6282
213495,183680,153743
69533,71314,73027
192727,194694,188465
49559,48019,45368
57364,58637,59863
43796,44423,29980
316,316,316
4202,5524,6144
1981,-2076,-2076
1784,6801,2118
100,980,28798
0,0,0
4720,25488,7022
39159,40194,41209
30641,33787,42025
22331,22341,23359
47556,36675,9739
9899,6000,4100
8938,73679,65181
15767,16083,6115
46489,48210,49493
40250,23022,12272
46895,45929,44709
6734,7752,8763
12975,13982,15315
-946,-946,-946
0,0,0
776,1552,776
14589,16743,17522
51047,47924,49053
234069,8206,1892
39212,45987,42778
1050,1050,2287
184140,187089,189680
8880,9889,10087
14871,17461,16892
34364,34212,33886
7466,221,189
99302,83403,58083
131657,129859,128714
5015,4789,6199
27497,27960,28996
49045,50174,43647
429169,278515,259097
7797,8893,9665
103,344,891
22369,14100,24754
14549,17144,16580
8679,8399,8101
380,190,190
14326,15334,18206
868,1317,1757
264,264,264
19812,17678,19068
397,396,396
880,2304,0
10000,10000,10000
158230,160242,156171
23338,25747,25048
55397,55877,57335
38561,38614,39951
478,478,2272
48549,49256,50338
15284,15303,14724
27388,29016,26941
182516,104838,112662
0,0,0
177998,167021,148713
39604,24023,21323
124442,93302,92934
11222,11738,13255
85268,65279,33077
19812,20388,19145
64684,63036,60031
41264,41799,37887
-312,-2479,2479
0,0,0
631,1170,780
332123,327362,324322
265,4786,2367
23997,26733,26942
38965,38063,38838
349,1257,1097
234957,215459,201715
5256,3290,1140
25419,19045,19270
19109,23788,23154
116314,115653,108971
65531,64149,46188
256675,253682,260274
2704,4959,5800
21710,23021,23851
16155,3514,3400
0,0,0
152059,150510,152228
40111,41380,25865
58308,61024,62665
18503,19616,20725
81274,83030,84945
390,0,780
4134,2128,960
25274,25026,23073
42659,35552,31512
209176,215231,204369
0,0,0
20693,22033,24067
112106,105872,107685
5378,5146,6205
201013,197982,137786
53443,49938,39926
40688,43816,42816
8494,24178,5307
15598,15055,16511
180189,191054,192447
331697,332339,322995
143121,147527,148925
959,451,-1
33215,28683,16989
3091,3853,4012
199040,182158,143895
23088,11628,8556
0,0,0
3567,1000,0
42617,67734,66612
37516,38622,37706
182396,187565,188334
185327,29446,21689
155335,159438,163684
100987,101941,98364
7912,4220,3364
20000,1685,0
126834,128882,15621
603,4728,0
184427,188583,191992
20641,25986,23721
23182,19083,19632
4843,2942,1054
71593,71123,29040
276436,239025,149128
7845,2956,3161
68689,68161,69534
50110,50322,27078
206,2522,1261
17606,17040,19139
7536,8152,8779
11332,12093,13891
5733,4426,3559
2255,2255,2255
112119,119230,259489
47261,48054,47434
13301,1400,780
19716,20518,16551
7453,2928,1564
4640,17950,13056
0,0,0
15678,15129,17973
1688,0,850
49387,50284,50639
19946,18694,17228
70069,64375,65691
70542,72400,74192
48115,53019,51924
49735,25144,7905
48592,38491,900
147112,122159,125470
63376,67293,67536
70124,71355,72962
23561,52005,49188
237976,232993,229896
34632,35654,36991
-1,262,329
30335,29546,29826
3600,5184,5719
54207,52775,53906
8748,5517,4980
18376,20070,21428
38878,39917,32048
10566,11293,12000
14887,23751,52698
18757,19764,20539
7285,28390,13138
3173,5270,5040
4731,6642,11508
6126,6869,16895
132629,55185,56000
-17,1786,0
0,0,4488
80338,83483,74258
89282,91247,68552
1736,0,0
164208,161207,1665
56742,49176,41969
86519,88925,56116
0,146,1000
84404,86109,92140
0,0,0
64839,65184,69361
101402,104878,105325
121374,125965,102527
78737,63494,55284
11479,12002,3508
14038,16980,16915
17970,17389,20491
40587,41642,40673
0,0,0
264249,264434,263847
74180,75296,74792
58760,57635,56706
2376,2178,27460
72622,6920,7700
77245,84828,82228
12236,13324,14403
86792,88106,89419
180201,181443,155045
4073,6394,6143
15431,10414,21209
100,0,0
0,0,550
9647,10390,10816
134235,62483,62134
94713,97503,100138
0,0,0
2588,38981,6267
15854,8174,1004
34461,35582,40610
46090,48343,50157
158882,164258,161778
657,0,2080
139153,141383,140700
850,850,850
2806,326,676
8404,4493,11848
73414,69998,72368
91458,91049,70101
46895,45435,47678
5589,2687,3746
7181,6908,5187
136053,86746,86019
28594,33080,29233
131764,134654,138303
4577,4358,5366
8120,2205,-94
159398,156955,132144
98560,100980,222102
291,291,291
29035,16391,18920
31205,23646,24418
-60,2400,595
86454,61510,62921
1473,390,8595
1409,864,0
30712,27597,25427
12026,13531,13017
15704,11952,13442
1198,1198,1198
1622,12946,0
38516,28604,28089
8585,0,880
1269,3784,5755
14202,15149,15481
63603,65513,59389
48628,52379,31247
10135,11926,11448
99209,54218,40110
6146,891,8969
293554,291421,3760
49006,48814,49180
64400,57069,57608
41088,41807,43348
37012,4810,3969
51449,52260,40893
41150,0,0
1655,4271,3711
0,0,0
164214,165825,167008
19625,20673,23702
3720,396,396
146480,147880,146958
298753,304964,312224
45647,45248,33696
79707,79876,79919
18568,-49,980
604,0,0
41739,20650,0
0,0,0
-19,3894,5570
19115,18962,19298
192910,199344,186878
6579,7599,8608
64471,65577,53264
10540,10232,11237
45575,43303,27113
750,750,750
2206,1016,452
390,390,390
380781,389354,373512
47463,41059,35722
92924,88331,83421
110109,106656,104407
1136,642,1582
68083,50822,31179
0,2098,0
2300,483,487
56573,26953,28190
2946,0,1473
229332,161360,117606
8706,2484,70
305489,299641,256345
20080,18866,21549
440,452,0
0,1145,1000
189976,189665,171669
2908,1051,2422
124362,126860,129576
146206,150404,154977
162761,164692,159948
13980,9969,1276
-117,487,2879
32023,20233,0
101874,97302,97383
16973,17984,18748
142826,61650,0
118028,113611,107853
112676,113924,116828
47399,48711,48642
776,230,1350
8243,4610,7599
418958,439432,440324
111691,117858,121697
591,1053,2989
141323,143548,146487
166305,169764,168441
167232,166848,149903
25531,26301,27376
48245,27656,23168
15268,5135,0
102801,104907,108107
171111,164406,76691
194961,197536,203251
79949,65416,45991
8229,11076,11787
7845,12338,13919
14180,10856,10822
39000,40123,41217
19628,14586,15018
0,3095,7843
53849,55030,61574
113647,117322,119935
63745,55670,47413
46006,45425,32139
97832,98403,99263
28651,41897,43032
316,316,316
80959,80733,80984
0,4107,2517
152495,155698,159029
215779,196299,202596
53524,58646,57156
0,0,0
3374,4053,2337
45738,36105,27484
13741,14750,15774
77830,68850,42884
432,3220,5704
40527,42066,41126
48065,48355,49009
198128,211417,206386
352730,335226,317661
161055,156712,157087
26953,27412,27835
2130,3100,173
25368,24662,26001
57135,55648,59518
11629,11936,12643
7885,7190,6854
19154,18165,17233
0,0,0
34975,35950,18661
1712,2304,978
1145,4133,2488
0,0,0
95,-6,-6
37875,150573,32413
0,0,0
3262,3262,326
0,0,106669
970,1475,1636
135053,141213,116710
184022,163441,92767
14591,14828,14250
75356,78236,77700
18590,17838,18680
964511,983931,535020
77385,79038,80899
75913,78060,64074
0,1075,229
70113,71567,72410
20565,8741,24250
3394,8338,11744
116336,121544,128243
779,860,496
18771,10655,1659
85703,84298,62201
297309,290425,286959
367670,374631,348144
55709,51834,41426
97066,95040,0
110346,41986,21874
24540,25330,26620
17074,28137,32602
8602,8728,9721
12557,11443,4794
70411,75874,76710
4498,-2,760
87705,90376,90687
34228,96716,74983
62382,55076,113654
20128,17842,18979
0,1000,2000
65026,29549,29705
13118,11622,12011
600,972,0
27500,28565,29003
8590,6398,16271
42518,31386,24540
199891,198608,115177
88185,91748,94242
44476,45984,20972
16001,12622,13221
57846,50663,45515
780,0,390
24874,25961,27534
26994,28659,57803
77461,68781,58436
39685,32219,34541
32724,29279,27149
6421,846,4292
5512,19420,1473
6192,4784,6462
28603,28785,0
6643,7872,9077
64982,44908,51535
16419,17139,20159
29493,30346,28777
172094,156589,145398
50105,50802,49988
3135,4422,5540
59646,49412,48060
166348,162319,165592
113093,106321,107630
18199,17623,18317
3094,565,1188
739,739,-200
22186,15258,13513
0,0,0
214122,217850,212593
93155,95008,97088
324503,324262,323101
0,0,0
4743,390,1000
108799,110963,114975
-1000,-1000,1000
12813,14899,16790
70798,69923,66375
37570,36705,37215
285249,276229,277026
0,0,6757
301945,307650,0
134780,138349,141821
21769,21139,20521
12200,8140,10176
0,0,0
19816,20396,20102
14332,16135,249258
81129,72699,39909
0,48544,17700
23364,22846,25779
14088,8842,6653
2930,459,2613
16503,17512,18481
60912,56728,55758
27679,28422,29650
31179,30569,28659
50342,50482,49217
79875,77201,78535
247279,235093,224062
14619,17216,16642
29227,49177,143588
396,396,396
20578,21742,23384
47832,45646,32668
0,0,0
19853,22525,25141
7301,4542,3390
214361,218626,223329
97510,92152,94503
74658,72885,47663
-189,-189,-189
99986,103662,103978
3426,11581,10713
1330,950,1330
79967,75920,73968
50477,22472,20148
16007,19643,23213
24906,26242,27360
338321,329178,320709
4545,0,0
390,0,780
55237,55664,51436
30119,31240,30311
2900,0,0
27658,11865,4602
3307,0,0
110856,99925,102359
8757,-2323,-3322
79712,81707,85703
0,0,0
3888,14704,2533
273094,341657,344026
25601,26886,26185
35745,12935,20868
177221,169897,166064
77959,76115,79274
4624,2874,1210
1172,2917,170
8022,9493,11612
129554,116490,119279
144544,137465,134420
245,245,141
119398,97435,98481
19339,20424,20086
8090,6339,8623
14084,11129,9316
153201,136157,115733
54801,52714,18596
235477,216433,203354
1822,2872,2712
93157,96304,98007
390,780,0
48566,48206,48659
29894,31423,30392
736,736,1156
185627,182655,180782
0,0,0
651,1883,651
500,7081,1460
54952,56021,54126
35220,38215,38598
320983,319377,319368
128968,138260,134573
0,0,0
174134,167095,161573
15928,18338,20035
46108,49330,48263
11073,9787,5535
8517,0,241
19099,18114,18437
38242,28797,16068
158805,159093,153056
117191,48729,49929
82397,84027,88734
147476,140352,110722
390,390,780
48415,50588,32091
27847,29073,34578
0,0,973
6643,9400,0
25126,26697,28222
16619,17845,19000
780,390,1170
295,748,-2
35868,18762,18557
30627,3693,6696
13868,14307,14762
12193,13983,15746
173267,174590,175233
229780,31275,32868
4824,1001,13413
130640,120058,110795
452092,442041,446224
107948,107525,108971
68687,69531,71271
5833,0,15728
943,5664,-33
13568,3166,821
44739,46708,49611
219376,221056,224591
4236,6614,6216
-74,-770,-1466
37238,38387,39589
0,0,1656
47109,47930,53615
165563,128747,120469
36017,32205,29104
64049,66079,67488
47872,48802,50214
0,0,0
0,0,0
49551,42517,35458
74267,54500,5520
47559,50463,49094
85238,87797,75436
3072,2856,0
3467,2182,1764
20729,14486,12163
777,612,87426
15198,19590,18514
706,1108,380
30198,58332,66062
226315,231582,226909
44947,45610,47836
398,379,298
6494,28723,9432
38660,38942,39787
0,3270,30760
50124,51122,52533
175886,173440,172308
37097,38174,40550
24469,30689,19947
584,3291,8660
19969,27267,19833
26847,26883,27180
256324,246283,211725
3293,9051,2804
0,0,0
14218,13573,14137
16734,17748,18384
78069,54955,27911
70327,66310,54176
158798,163164,168543
390,390,0
0,0,4811
0,0,0
110575,0,0
23063,14024,11825
61383,49560,40183
2082,3557,5623
3559,4724,2629
0,0,0
2500,0,0
21027,27568,9166
48861,48082,48614
24763,33542,30455
-16,-16,5498
12570,11659,8312
35695,40924,0
144606,136269,139337
13754,12364,11613
6517,344,0
0,0,0
0,3760,0
2114,490,30452
70825,17236,8680
78672,83807,81833
18231,20625,17443
0,0,431
18743,19879,18872
390,390,390
7098,4863,906
84034,81537,78407
7828,8507,511
1424,4542,126
15856,510,2279
35488,39897,48916
3148,1574,0
0,1376,3719
-84,115,349
0,0,0
10083,11211,13669
260,834,-150
545,5590,8477
25366,26554,27435
14081,15835,16985
-475,5191,4606
67671,61346,59100
232,0,0
45431,45187,34250
0,1330,2988
136639,138223,140964
5490,4471,5570
153655,156309,137701
79529,77757,75841
40712,29920,0
1374,12920,0
30716,29768,31155
2781,12515,3090
171468,167214,180484
10929,4152,22722
83138,93416,84117
780,780,780
22320,21674,22995
1504,1027,2172
0,0,0
50275,45673,48833
89989,84229,79288
29492,29329,30720
73000,71338,47202
3900,222,906
871,3179,3344
95835,90385,85011
30809,30015,32928
320635,313060,293055
2500,0,0
79580,81493,82759
1448,6018,10402
13859,16229,16459
600,0,0
55664,59529,57571
88819,77304,79545
30336,29965,28048
30857,43333,0
37234,37942,38003
49473,48970,46220
320952,326625,290268
31740,74415,56435
27119,28081,30299
3386,-63,0
170971,165806,146001
41305,206028,21153
107,0,0
0,0,0
14351,10473,9429
198704,202217,204255
126115,128860,131426
0,0,0
76996,11515,13392
67763,47746,28148
23848,23873,24182
396,792,396
44052,32030,31041
107799,16332,13837
34785,0,18518
247477,241976,242629
5279,7887,10116
41795,43914,44396
46631,46929,47393
2020,0,0
1669,412,23547
142119,142362,142292
81764,92071,43777
2140,3919,3572
67474,68750,59186
46185,47570,38984
75242,73482,76628
151123,134736,135593
0,0,0
18462,16699,19674
4390,1402,3665
69418,68943,38783
1366,9489,51322
11276,10803,11528
1715,3662,12595
26795,28056,29284
17072,16505,17242
0,0,0
8169,11027,27469
31423,3650,44671
17042,17544,15292
20914,29303,2515
133797,144095,140383
23575,24582,25711
140,0,280
21788,32562,23346
0,0,0
49758,48456,44116
38527,37608,39369
8748,2442,2272
13361,18302,13348
229928,32890,-10
89875,92338,87511
29324,30333,31835
24002,22329,2781
67825,70193,64997
18540,19726,8564
56285,56894,57006
24477,23722,4791
396,396,5345
0,0,0
60721,61452,59797
1803,217,10121
8097,9109,10125
58363,106270,159464
50822,52468,52238
10335,9538,6793
0,0,638
176035,196664,192140
134503,114682,124240
390,390,390
70011,67411,65867
12618,6313,16488
7582,8502,9479
81507,83154,88223
0,0,0
8891,24501,24886
46868,42397,38569
28189,27467,26729
3611,5153,6158
48032,48175,48691
0,0,0
26110,12943,4814
14492,15759,17371
15859,18486,18686
917,167,1371
48322,49057,48059
85342,88063,89895
899,2879,8750
31217,30406,31380
5799,36189,23338
396,396,396
34069,23196,22883
1376,4038,313
110778,111431,96867
213581,197238,193638
-3,350,0
5431,1961,1646
66393,67827,69202
87118,56182,60039
221268,219545,216317
0,0,0
49447,59781,86070
10920,3939,10184
51207,47915,49073
227,20351,20237
26680,22312,19181
119466,116833,106524
11669,27719,63037
12246,11901,11631
28206,27459,28514
255412,217382,250549
25916,14187,56573
389,376,467
384150,392013,361178
0,0,0
31042,33971,33143
92575,86147,87889
19262,34729,18808
2569,11662,11867
63558,59812,68636
7539,6500,6500
63845,65443,65169
24928,24229,25832
188307,179988,184976
8565,86497,138640
163461,167140,160707
50717,36507,14890
200,317,12349
214423,214585,170063
47052,47874,40933
26185,29944,29399
33604,35706,34064
1152,7900,0
11495,10764,11304
51943,50800,51967
1692,13250,433
3489,6246,29390
76054,73992,73246
318,0,0
9100,15658,1874
71037,71880,71927
3030,0,0
326,326,326
64561,47041,25439
2398,2289,3593
35639,42091,27751
42781,42774,41817
32006,60079,26882
102726,110179,105137
10287,15123,9957
207384,213290,219202
183800,187658,193030
151812,145411,132560
40171,37274,30203
0,249,913
150573,140844,144245
0,0,6785
273651,279296,282851
26052,27631,29128
91842,40308,41800
0,0,0
17376,4879,6266
3043,2432,3754
54228,21092,18481
34871,34449,33634
15641,15105,16545
67505,61595,46920
3892,3686,5064
25330,25894,26866
33984,2300,6904
1993,2360,0
89789,88337,85248
166513,163731,167204
7285,7022,7887
50356,48981,47942
60764,62782,63636
84821,87055,87601
25298,0,0
37878,35511,28894
196192,191745,205681
0,4051,1196
8318,6111,33212
429309,437906,447326
13200,12930,12684
0,135,0
680,1094,1508
0,0,0
151307,143025,140984
157074,158088,166492
87611,87325,90539
138901,140732,140661
3919,-8477,247784
28077,1063,11510
53377,54984,56738
48796,49371,19413
24180,23498,26400
58982,59063,58440
2920,4040,3649
0,0,0
27571,337,3734
9632,10676,13702
0,0,0
1183,2183,2000
15703,19775,19096
19724,19581,0
20340,21400,22428
77394,76081,61898
36415,37409,30019
62518,4049,6690
300,300,300
66380,68083,50822
18436,2574,1390
390,390,390
54007,62761,10373
958,1546,1156
63281,56889,60955
0,0,0
21359,18905,16540
133845,126804,130264
113801,90354,88467
-49,-375,-1027
208009,212271,166288
169625,169944,169829
146465,147331,146999
65809,55997,46392
131310,123737,115927
16622,18913,15868
37129,32761,26428
17250,8560,4725
0,0,0
33134,32351,31397
222,3,3359
79813,82150,0
0,5067,131
9183,9606,3158
34976,6018,13930
67328,69356,73445
92215,94085,96174
14843,14528,11317
0,0,1228
32581,36525,35660
143212,137963,139520
2380,1750,4697
-1279,-2329,2115
48027,48725,29600
3234,6163,3786
845,1423,6649
455977,397418,392278
75894,70947,59783
51444,52607,48083
44109,32978,30415
8949,9745,30739
6806,6552,7561
3027,2379,1803
9078,11612,12100
880,788,10742
6489,9372,11179
19082,2815,27380
256503,254732,244860
38723,39347,37571
989,989,989
71341,62432,56091
203755,210668,182863
13718,15033,15751
0,20087,2110
1347,208,1582
110925,110909,111851
6045,7151,4790
1525,800,850
2949,19689,17681
79135,75786,76280
481,1149,39674
473,4511,5122
1248,1701,1551
13744,14565,13173
2566,7255,24974
68668,65750,67879
1608,19948,20330
18379,19571,22729
187864,191756,194283
5674,5440,7968
15099,6370,5991
81252,74766,79012
103566,105797,102729
131096,127564,130167
44304,46255,50486
0,0,0
49458,50135,49889
21523,1481,19766
8193,43012,36780
2222,390,390
5050,3704,6222
11640,10685,9730
55477,44109,32978
1800,2410,2722
93359,95376,98954
114625,117364,119552
83381,85097,86928
0,2712,92496
4384,3852,2300
27878,28908,29922
72185,76854,72408
74150,66378,60722
0,0,3210
42326,19067,7690
46882,49737,50361
45982,46328,47534
390,390,390
15513,17908,18652
45459,45695,45866
12088,11601,12114
26273,-73,-73
49395,50058,50753
3136,1286,1047
18854,19116,15030
4940,0,0
77009,92353,223085
199911,204462,208769
0,0,0
10330,10040,10903
0,0,7066
137789,135240,211542
500,0,18583
132589,135286,139725
68375,71660,66948
234053,132007,234638
-10,-10,1066
3509,-8,1898
31422,32420,33462
7186,9063,10909
4357,1897,4153
142214,145225,149812
38355,39413,41181
82926,326,176
78025,80224,81619
0,401,3930
141066,129173,116858
0,664,62791
26815,27990,29224
291,763,2403
53159,50465,50744
200378,162374,154234
4122,1770,0
24345,25349,26694
71174,66228,39379
45487,47247,48160
1467,698,4102
112900,0,0
48658,50709,36114
719,1550,-50
180,1582,1402
27304,28537,32498
52207,51067,51278
5100,9861,11021
0,0,98
390393,374105,467911
20302,14653,7234
360,0,91059
1784,892,946
13854,3366,2671
6369,390,3060
566,2329,1894
4640,2720,26461
136435,105,99230
100253,101587,100095
13168,13888,14900
63043,67460,68554
12745,6889,8530
22212,21568,24209
2569,3920,2529
156062,158495,160681
142827,126317,75324
-1037,-1037,49024
77356,80113,82083
1650,1650,1650
66881,65115,51010
1158,95,0
497657,498379,498646
0,1470,0
1582,326,3632
45614,50781,45429
15730,16776,35036
61137,62350,63653
1832,1074,1002
191059,197548,203823
-1886,-2086,34347
539,0,0
9241,10786,12376
275367,255049,247090
17077,17504,16940
7484,8273,13249
14513,84387,87121
245997,243904,244361
2152,3832,3587
8478,7890,8958
792,0,792
0,203,203
51565,15683,1381
137582,145941,142243
56412,45990,84050
248,248,248
51212,50658,48999
7806,10142,12211
2501,1138,966
96190,90462,78267
416,416,416
11684,45135,34539
0,0,0
188096,171535,167877
15019,4162,2107
17102,19805,21188
2394,3872,3635
59292,13943,0
106974,109061,7262
7081,6819,7996
7067,8092,7820
820,3191,1965
550,1974,1250
19727,20330,20199
17087,1617,8140
5119,20927,3702
18894,21258,23590
13038,158725,155808
2000,780,0
140626,114690,110884
193462,185703,190060
-26,8966,4559
69164,70938,69248
-146,15414,1857
546485,228070,184810
92683,84278,86977
75021,71101,73831
4583,6917,831
266,0,0
156526,160926,162960
0,0,0
29428,19950,24514
16094,18961,20857
121409,123106,125614
60434,60935,56585
49872,32918,33998
144774,130097,134810
157231,153171,148994
146756,150057,153238
5516,4950,5232
33536,30155,26054
2500,2500,2500
53286,16920,12869
2126,99787,194779
0,0,0
22821,23169,82073
81647,65470,73855
652,0,326
50210,2846,18862
21993,22634,23057
816,1419,1845
6451,4828,6858
390,390,390
692,392,332
5488,1788,2840
164736,170564,150666
0,0,780
252,-1624,2072
18596,19245,19744
49144,48202,43656
51716,113395,111693
4018,6302,6844
125080,127751,136996
509365,522309,534137
3388,0,0
162540,155319,171087
1198,4656,1516
939,8188,36670
4400,-220,-220
3664,3449,1776
105911,109006,108761
0,0,0
1606,1420,1420
5719,6633,3461
17257,17417,14462
174,1995,3530
80234,80369,83130
623,0,0
1698,365,3213
64393,65271,66606
172382,173101,171158
-1971,50265,45397
6458,5598,36532
154188,14512,303265
1772,8304,9506
205277,127,3627
52260,40893,81308
0,296,-204
10941,12058,13348
94020,78038,63176
44489,45470,46424
16335,15780,18411
0,0,0
93682,96466,99009
172,1930,1752
2548,10304,12497
2187,1461,53603
48905,49764,36535
39634,40697,41526
37709,39588,42455
0,1152,3338
30627,4297,2720
53540,53321,49263
80037,79788,81571
15717,16724,18051
324,826,326
18649,18066,19040
6122,7160,8185
0,1710,0
36890,36023,36993
991,4073,6738
13654,12312,23031
196963,201741,219122
47934,48950,47891
89608,87743,87363
48120,47824,48954
390,390,390
33675,29865,33337
14769,15271,15383
98784,52485,46978
8036,7663,768
5233,5393,1824
47036,47876,28754
20873,22228,22691
24171,26474,28480
3275,1105,0
22033,24067,24372
19178,18852,16648
30376,32715,60927
50055,5320,9758
2947,4132,3967
114740,113994,113989
31218,32319,32687
2400,2400,2400
5249,14427,19819
416,416,416
-1494,2590,3506
49819,49390,50612
11728,8860,4829
0,0,0
6088,17980,4890
13384,14153,15417
-237,-2400,-2400
91344,92309,94421
170953,170747,171002
3843,4110,4560
21794,12574,12608
348938,326648,228830
1246,17234,387
7702,274,1395
323,24910,22469
7162,8229,8290
3467,3327,839
6916,2098,9927
81341,79529,77757
154029,153012,154508
16196,17825,20234
387,1083,1969
53746,51631,50880
10498,8238,6411
24335,23651,26346
291,291,291
90562,85919,83023
18328,19385,20400
0,0,12063
1417,12643,3977
212883,197352,201913
15848,16883,17839
46578,39085,18628
37695,33397,30534
82535,84300,86091
245311,237034,242807
50643,51916,52903
55100,52440,47080
96659,86985,77472
3903,2246,3040
0,-880,-2640
7384,10253,9945
2400,2400,2400
0,0,3614
58340,58644,59855
24645,0,14000
47021,48423,44450
90828,83479,73749
8046,6130,3653
119513,121776,122440
28928,24266,20209
37170,36297,39863
14930,14404,15558
2338,0,0
111710,12484,13917
0,0,1991
17067,0,0
116630,-67526,71562
1041,1053,3042
1529,3717,4541
7877,8918,9864
18544,17954,21678
3773,7677,14704
3803,678,3050
81582,82768,654
150,150,150
21480,25791,31654
45524,62969,36217
48431,45008,40226
20023,20239,19164
7712,72910,18030
24458,29022,28230
4016,5115,3425
10248,10783,12291
20044,21246,22115
2500,0,0
28156,27422,28335
19321,23985,23321
25083,25244,26286
17224,16533,17557
29734,31743,33202
164222,169073,171820
25993,6296,17223
48783,42692,34593
6015,8751,686
253286,246536,194663
242518,247338,252656
42053,40185,42887
816,316,316
0,0,0
6234,7402,8270
40066,38115,38730
6562,54318,4245
0,176,1269
77604,73317,71334
150943,149285,151779
772,772,-8
71487,55641,24987
90462,93167,94370
85780,80568,79823
199802,195038,129415
-3,-3,1266
390,780,0
16582,17721,18762
4999,5588,3366
17635,151686,147474
-149,-149,-4
2180,251,4250
7148,6887,9602
29540,27930,692
778,5898,8610
24941,25945,27297
200,100,197
15717,16724,18051
1170,0,83289
1430,0,0
29112,43015,17223
40710,42736,43751
-169,3464,7569
7790,9985,12001
129371,131025,39505
74223,72419,64537
374245,357516,334316
3417,-802,-1282
307,0,0
18357,18668,19597
1466,1466,25482
27552,30686,29915
14986,25772,12621
16648,16200,15622
150201,125858,105266
7128,1852,2625
10450,3388,11722
29731,30329,26823
0,0,0
17560,9829,3604
390,0,780
10906,9692,9162
139983,125833,127815
30517,31866,29647
68953,68908,68799
0,63508,59835
1184,794,2756
13958,15016,16069
3500,9295,2500
404924,359634,360270
0,0,0
47189,48182,49479
72288,69680,66081
105217,107857,110177
71149,71922,77500
264482,267508,255409
29997,31171,30356
16186,3680,4540
1547,0,0
-1730,-1730,1111
1382,23942,18143
7427,8057,8749
4677,6187,4775
-110,16390,0
81228,76590,73327
130874,132743,131862
55891,59152,20615
50114,50893,49660
4533,0,510
4463,3270,0
44324,43053,44016
8102,10252,5607
16149,13662,14675
45461,44434,45395
133954,138785,141894
50757,78196,43733
141634,145060,148817
5322,5920,6061
4881,6685,34484
1490,3687,1352
12498,16264,17918
26663,31589,31772
1000,6000,0
6549,9389,18475
372926,354068,327342
25375,26128,25327
0,0,0
38158,35961,37417
12751,19660,14659
8839,18814,14776
33181,32359,33849
21692,19697,17257
-2,-2,-2
60881,65215,66748
16932,17938,18798
1332,3825,33515
11492,15791,15806
47081,49316,50409
87579,72308,53505
0,342,0
145643,133339,137000
82064,83847,85558
67002,76429,94564
1520,1349,959
6289,9331,12380
189417,95341,74959
26505,25799,26762
589654,581775,572677
12648,14126,15162
27347,31402,30047
4591,0,28466
0,0,0
203273,188955,183774
15387,20847,23059
19978,18910,18962
6696,9080,8794
143706,140120,138520
7129,8850,9733
52156,51041,50205
77901,79605,79207
3048,4063,5081
48491,55637,60163
44109,20896,18193
70326,71919,68356
6750,4501,6360
68616,6691,10961
49017,50690,47487
8242,32447,17314
416678,424740,434836
120583,97341,87773
66330,68278,69181
58324,56789,58276
288015,148160,98651
6215,7252,8473
67692,63789,65771
88786,86391,84871
91152,92917,90651
29187,29254,30206
0,0,0
257579,274731,281713
44951,45906,46872
183512,172194,176105
78317,71421,59564
31273,30499,29740
19801,20449,19798
10376,36404,37813
89296,101755,90684
1944,0,0
22629,11332,12471
49173,50141,96860
18194,19043,18451
1835,1651,390
165090,106448,103618
701,3442,2551
7674,432,2232
64937,63240,51426
9819,10873,9646
1859,2232,4556
63436,49544,50418
25060,24306,17671
44002,43156,22478
58360,56834,58322
60423,55120,20407
24677,28287,32988
0,2583,3001
184560,178592,170225
3253,3969,-8
157122,153320,156996
0,0,0
68677,68947,67025
11049,57301,59375
-2225,-8523,-10951
115600,113690,114609
16611,18540,18204
61759,60399,38994
16392,16367,12426
-138,-69,231
141346,145483,146410
106670,108727,107386
17356,18205,10140
-2,-2,725
36571,35484,41862
138910,119948,135259
94745,96838,95732
30447,9428,11704
149,1100,240
1131,291,582
36014,39321,39145
45159,49125,47956
3565,3356,2758
70178,71312,71314
48580,47112,30246
26487,27255,26532
47201,47548,48402
94265,53376,85787
4975,3688,3164
7326,7060,8240
93757,91359,88616
104850,101705,93489
232,91,85
351828,280067,259651
45578,41906,35703
57445,57025,46484
31708,32439,28302
9001,1687,1409
39215,49300,53030
22280,23671,24233
0,0,0
8225,2763,2545
30667,31160,23054
780,780,390
83482,80406,71540
37788,39366,41531
135770,136901,115299
18653,19844,20908
71795,62067,60949
16381,13837,14907
156713,152744,150785
0,0,0
128036,106657,45887
7251,11990,39360
59197,55551,54083
46540,48520,47875
1013,0,2320
183214,167757,170663
10056,9815,7576
6573,8155,11724
333930,280727,285705
44681,45736,46658
14227,15185,16236
168161,133113,130769
-3549,-8964,157499
216194,222220,225648
53234,38645,0
277569,246380,236139
380,380,380
7789,9656,7477
507,892,5221
78910,80362,77986
47585,52084,53817
16139,7199,4367
43747,44488,47342
77054,81697,79347
300598,308931,186223
106867,117152,113312
4419,2584,4524
98349,97473,91096
17397,11754,28874
22109,10876,10268
0,0,0
34779,35921,36536
8000,13024,9809
3656,0,0
196031,196143,189524
6101,1202,3227
46588,49496,48425
105102,107388,106805
0,0,0
29504,0,0
20123,19184,16834
291,291,291
49283,48570,49362
25530,37737,29636
152630,95758,97251
129801,131383,134379
52266,53351,54425
17880,19288,20313
13631,3840,7527
4242,3891,1005
19866,19257,18901
50893,28527,29241
30755,31757,32808
106417,103587,56676
26183,24181,19543
6449,7314,8474
51016,49000,20356
19252,21351,20819
24469,11511,4670
46516,30122,24099
14603,15661,16394
135466,126091,128636
13596,34661,29084
49271,24982,25142
19036,14474,3404
170707,159654,162208
130360,133799,137119
17476,18807,15784
29943,32751,18262
46170,47155,48052
1390,363,14770
71332,71122,70012
27563,28350,25186
5803,6849,8371
2184,1445,2424
1485,-9,11970
218318,135085,122762
18252,19650,19054
18321,18446,18285
1709,2400,675
29033,17013,7024
6056,7292,8663
8178,9509,9110
72184,69650,70172
23694,22500,20279
4524,2625,4401
-2,758,998
40754,41588,43409
111115,113515,111815
29778,30678,31154
0,10139,7858
6927,5313,6264
49083,27822,28702
12509,0,0
36794,35922,39319
58592,52465,16937
47547,55621,54174
41547,40925,36775
240248,221277,201606
0,0,0
21353,20736,20000
94297,49377,41247
7199,8275,9232
36098,21848,23309
54799,53507,54678
39936,16666,16998
15536,17923,27007
18021,17439,17466
46778,47770,49009
49526,48304,27864
150603,153900,0
56341,54869,67965
206473,208464,175407
758,0,1022
23820,23873,14856
89863,16500,17493
193,3760,3500
2738,8192,3595
136032,139118,134651
2232,3967,1348
17439,16872,17483
11401,12506,14774
202225,-4359,190829
0,0,0
4290,4738,2803
27752,28787,29800
5373,6200,0
40892,42416,43367
58126,10446,5299
4762,26943,7488
123270,122736,123394
4086,3855,3055
1486,-3341,116659
46750,45734,44741
38242,41083,55444
3964,600,0
390,390,955
52949,-4577,-4577
8201,7882,-2
3063,3625,0
93970,93752,92293
0,0,0
16935,17855,17280
49528,44639,39720
47598,40714,38124
3490,3611,13920
1923,101,0
72495,99628,74635
32290,33747,39840
485298,499489,413019
2147,1173,912
241711,205944,210513
0,0,0
30996,33690,33430
36703,38089,40162
1050,1050,1050
29202,30420,32222
295433,301521,308038
14028,11732,9940
1285,2530,23496
6136,5932,4353
46731,47439,41493
0,7042,2986
154714,150011,139854
40768,41789,42913
17893,20669,20050
51505,50581,48280
26288,23822,22922
54663,46147,44095
5631,404,-3
179483,183151,185490
5648,12270,0
26133,26896,27961
9035,5845,6793
19523,18917,20004
15575,22187,1970
0,0,0
1264,5478,4753
124486,106065,97979
10278,5991,4457
11976,13462,15231
81071,79283,76767
265362,246735,248541
43729,43535,40799
104457,68877,62223
0,0,0
46415,38226,31924
9020,326,7788
5601,5366,6772
7945,3077,700
0,610,610
7791,5851,430
211688,205003,203118
0,0,0
55233,54898,52890
161081,158578,161256
15026,13357,0
511,-5,-5
950,4369,9673
27690,28543,8536
155896,159891,164830
1443,1443,1443
1837,373,1198
254275,249677,232028
19277,20997,20200
6300,0,0
43629,46376,45354
35610,38701,35043
19390,22726,12148
-1123,2711,3030
2500,2500,2500
21325,24355,23670
131996,132177,132927
15596,15053,15773
5457,4438,5048
44837,45385,45763
16336,17354,18376
70373,80166,34775
95893,97040,65668
99340,96860,99911
26253,27256,28472
19437,20154,18957
15787,17486,17823
19891,20650,21002
14518,15000,0
8162,3141,587
6496,6246,8965
18392,16427,16475
18471,19483,19431
69900,67591,68338
56255,121215,132536
16370,15373,12065
2634,1108,1318
57376,58649,59873
165042,163406,137664
3931,2570,27036
0,0,0
59056,60236,62268
49184,20738,47631
15476,16533,15975
13709,5006,31130
81719,85389,86287
26637,26437,26686
832,0,1844
0,0,0
4182,0,4120
51129,50378,48282
8328,24491,26085
17091,17596,15524
7863,8504,8162
0,5220,0
64494,49464,40359
64440,67503,68566
18831,1809,1294
21679,18566,19918
134039,143937,143649
33195,32705,32406
0,1290,0
12250,11761,12476
28499,13119,9983
78426,77613,62963
780,0,780
39883,42349,44095
10470,10186,9936
112953,225099,221798
27094,26365,29124
141453,132415,130305
236136,220847,216703
1877,709,2264
191767,185445,188255
2956,2968,3054
326,499,1870
83412,77205,16250
15502,14446,10339
210804,107572,100475
19674,21050,20414
350,0,0
6512,4312,0
87376,85135,86024
28347,28296,25819
34314,33538,37448
71708,72047,67080
62319,65102,63529
55829,53799,53021
45469,39368,9652
33814,35033,36175
14381,15701,17137
19309,20009,21034
-9,-9,986
28404,29009,29831
0,0,0
866,29123,26766
8898,1276,24031
7363,5180,31902
16557,18369,20067
18435,1563,3842
9622,10974,14963
17849,15356,17146
136378,129545,131045
30773,33275,41329
97581,94594,44145
46802,33357,32883
179547,157945,118192
135034,133283,132765
110826,113572,114719
66212,64021,66362
2902,6888,7638
199229,132458,59153
11070,5947,6152
281544,283173,282231
8704,9698,11022
42140,31938,45502
0,4375,1225
0,0,900
78950,79788,70319
178517,130975,135592
14246,13727,14725
83853,87227,96253
79091,62575,63317
58479,58839,53235
29273,29504,32007
50587,51329,48122
46800,37395,38591
7217,8291,9649
94409,92047,79088
79453,61742,65068
4948,3804,0
78959,76699,81477
2276,3188,454
-2113,-2113,-2113
-347,-347,-347
8394,5743,1336
12080,1989,4566
4340,3686,3094
82628,134880,67325
59174,60922,61800
53685,15291,20694
87313,88918,92387
16496,15610,7486
177061,180778,3647
2219,0,0
308011,302783,297700
89302,90745,96314
79938,67857,66929
49061,47209,47471
5008,10698,3863
47053,11165,12186
3000,0,0
22935,23963,24979
124288,123172,130095
453985,470915,471175
2045,44711,45742
0,225,5628
1313,1414,1258
1193,1525,3067
2550,2550,2550
132105,130973,97006
55937,57107,59753
0,0,71
181385,170946,171079
194724,190781,191861
132823,132700,182868
2427,6109,2736
0,0,138
3979,511,10069
118801,99370,84836
43439,44769,43781
35564,25173,10633
2663,20679,6698
155327,159293,154957
93330,95285,96674
63632,131132,66940
390,780,0
67087,66665,67525
19401,19670,19839
188553,192100,126343
411,995,579
7877,11532,13695
47974,48527,49381
15230,16212,17239
58751,60163,62142
578,911,578
49689,2497,59271
37148,35754,34232
1687,400,300
48482,47226,11151
1007,3680,4214
277680,281719,284381
12695,9277,7065
72774,67584,57985
14956,9023,4963
1558,0,940
49713,50581,46567
29480,30394,28072
8355,8355,8355
43629,56933,54724
98588,100545,102651
671,671,671
66982,68817,60607
780,780,390
37353,24797,5549
161999,165303,168837
29160,29302,29698
49171,50376,51536
2400,2400,2400
3862,-3,6367
20052,5328,18428
6277,7019,9557
4035,4195,0
18758,4937,2000
58438,60208,62000
68970,67308,68582
2644,268,157
-10,-10,-10
13779,14788,15815
43610,43280,36156
440474,444370,455286
135195,78756,44127
0,0,0
286888,291645,277888
316,316,316
141292,131970,136267
104335,108156,108874
7697,18951,27974
17018,13789,8236
2010,2936,640
145143,136334,103624
-30,-420,390
28494,28139,27480
9662,10673,11998
48529,42955,50543
168182,165850,163366
21930,20489,20734
2785,461,6472
7752,9112,10306
22007,24360,26647
0,0,0
24796,26088,27032
2125,3405,2131
14433,15157,8564
104163,92199,85868
1936,3473,12230
2522,0,2522
1902,14706,706
126532,90013,91191
23237,23874,26985
2166,2894,8903
171098,166176,169759
25119,26258,27199
69039,68609,69217
3196,7655,204787
17453,16898,16334
17062,19248,18181
2565,3648,5586
41000,0,0
151538,133924,136707
10119,10188,9089
12590,13598,14650
81099,81449,79887
234328,234211,157345
79278,78501,78534
944,1819,1133
0,0,0
96491,94043,97522
